Questions;Answers;Score
من هو مؤسس الدولة العلوية؟;يعتبر السلطان علي بن الحسن بن عبد الله  هو مؤسس الدولة العلوية;10
من هو مؤسس الدولة العلوية؟;يعتبر  علي بن الحسن بن عبد الله والمعروف بالشريف هو مؤسس الدولة العلوية;10
من هو مؤسس الدولة العلوية؟;يعتبر  علي بن الحسن بن عبد الله  هو مؤسس الدولة العلوية;10
من هو مؤسس الدولة العلوية؟;يعتبر الشريف علي بن الحسن بن عبد الله  هو مؤسس الدولة العلوية;10
من هو مؤسس الدولة العلوية؟;يعتبر السلطان علي بن الحسن بن عبد الله والمعروف بالشريف هو مؤسس الدولة العلوية;10
من هو مؤسس الدولة العلوية؟;السلطان علي بن الحسن بن عبد الله والمعروف بالشريف هو مؤسس الدولة العلوية;10
من هو مؤسس الدولة العلوية؟;الشريف السلطان علي بن الحسن بن عبد الله هو مؤسس الدولة العلوية;10
من هو مؤسس الدولة العلوية؟;السلطان علي بن الحسن بن عبد الله هو مؤسس الدولة العلوية;10
من هو مؤسس الدولة العلوية؟;مؤسس الدولة العلوية هو السلطان علي بن الحسن بن عبد الله;10
من هو مؤسس الدولة العلوية؟;مؤسس الدولة العلوية هو السلطان الشريف علي بن الحسن بن عبد الله;10
من هو مؤسس الدولة العلوية؟;مؤسس الدولة العلوية هو  الشريف علي بن الحسن بن عبد الله;10
من هو مؤسس الدولة العلوية؟;علي بن الحسن بن عبد الله هو مؤسس الدولة العلوية;10
من هو مؤسس الدولة العلوية؟;مؤسس الدولة العلوية هو  الشريف السلطان علي بن الحسن بن عبد الله;10
من هو مؤسس الدولة العلوية؟;مؤسس الدولة العلوية هو   علي بن الحسن بن عبد الله;10
من هو مؤسس الدولة العلوية؟;علي بن الحسن بن عبد الله هو الذي أسس الدولة العلوية;10
من هو مؤسس الدولة العلوية؟;السلطان علي بن الحسن بن عبد الله هو الذي أسس الدولة العلوية;10
من هو مؤسس الدولة العلوية؟;الشريف السلطان علي بن الحسن بن عبد الله هو الذي أسس الدولة العلوية;10
من هو مؤسس الدولة العلوية؟;الشريف السلطان علي بن الحسن بن عبد الله;10
من هو مؤسس الدولة العلوية؟; السلطان علي بن الحسن بن عبد الله;10
من هو مؤسس الدولة العلوية؟;الشريف علي بن الحسن بن عبد الله;10
من هو مؤسس الدولة العلوية؟;السلطان الشريف علي بن الحسن بن عبد الله;10
من هو مؤسس الدولة العلوية؟;السلطان علي بن الحسن بن عبد الله هو مؤسس الدولة العلوية;10
من هو مؤسس الدولة العلوية؟; الشريف علي بن الحسن بن عبد الله هو مؤسس الدولة العلوية;10
من هو مؤسس الدولة العلوية؟; الشريف السلطان علي بن الحسن بن عبد الله هو مؤسس الدولة العلوية;10
من هو مؤسس الدولة العلوية؟; السلطان الشريف علي بن الحسن بن عبد الله هو مؤسس الدولة العلوية;10
من هو مؤسس الدولة العلوية؟;يعتبر سيدي علي بن الحسن بن عبد الله  هو مؤسس الدولة العلوية;10
من هو مؤسس الدولة العلوية؟;السلطان سيدي علي بن الحسن بن عبد الله;10
من هو مؤسس الدولة العلوية؟;السلطان سيدي علي بن الحسن بن عبد الله هو مؤسس الدولة العلوية;10
من هو مؤسس الدولة العلوية؟;سيدي علي بن الحسن بن عبد الله هو مؤسس الدولة العلوية;10
من هو مؤسس الدولة العلوية؟;يعتبر  علي بن الحسن هو مؤسس الدولة العلوية;10
من هو مؤسس الدولة العلوية؟;يعتبر السلطان علي بن الحسن هو مؤسس الدولة العلوية;10
من هو مؤسس الدولة العلوية؟;يعتبر الشريف علي بن الحسن هو مؤسس الدولة العلوية;10
من هو مؤسس الدولة العلوية؟;يعتبر الشريف السلطان علي بن الحسن هو مؤسس الدولة العلوية;10
من هو مؤسس الدولة العلوية؟;يعتبر السلطان الشريف علي بن الحسن هو مؤسس الدولة العلوية;10
من هو مؤسس الدولة العلوية؟;السلطان الشريف علي بن الحسن هو مؤسس الدولة العلوية;10
من هو مؤسس الدولة العلوية؟;السلطان علي بن الحسن هو مؤسس الدولة العلوية;10
من هو مؤسس الدولة العلوية؟;الشريف علي بن الحسن هو مؤسس الدولة العلوية;10
من هو مؤسس الدولة العلوية؟;السلطان سيدي علي بن الحسن هو مؤسس الدولة العلوية;10
من هو مؤسس الدولة العلوية؟;سيدي علي بن الحسن هو مؤسس الدولة العلوية;10
من هو مؤسس الدولة العلوية؟;الشريف السلطان علي بن الحسن هو مؤسس الدولة العلوية;10
من هو مؤسس الدولة العلوية؟;الشريف علي بن الحسن;10
من هو مؤسس الدولة العلوية؟;سيدي علي بن الحسن ;10
من هو مؤسس الدولة العلوية؟;السلطان علي بن الحسن;10
من هو مؤسس الدولة العلوية؟;الشريف السلطان علي بن الحسن;10
من هو مؤسس الدولة العلوية؟;السلطان الشريف علي بن الحسن;10
من هو مؤسس الدولة العلوية؟;مؤسس الدولة العلوية هو  الشريف علي بن الحسن ;10
من هو مؤسس الدولة العلوية؟;مؤسس الدولة العلوية هو  السلطان علي بن الحسن ;10
من هو مؤسس الدولة العلوية؟;مؤسس الدولة العلوية هو  سيدي علي بن الحسن ;10
من هو مؤسس الدولة العلوية؟;مؤسس الدولة العلوية هو  السلطان الشريف علي بن الحسن ;10
من هو مؤسس الدولة العلوية؟;مؤسس الدولة العلوية هو الشريف السلطان علي بن الحسن ;10
من هو مؤسس الدولة العلوية؟;مؤسس الدولة العلوية هو  السلطان  سيدي علي بن الحسن ;10
من هو مؤسس الدولة العلوية؟;علي بن الحسن  هو الذي أسس الدولة العلوية;10
من هو مؤسس الدولة العلوية؟;السلطان علي بن الحسن  هو الذي أسس الدولة العلوية;10
من هو مؤسس الدولة العلوية؟;الشريف علي بن الحسن  هو الذي أسس الدولة العلوية;10
من هو مؤسس الدولة العلوية؟; سيدي علي بن الحسن  هو الذي أسس الدولة العلوية;10
من هو مؤسس الدولة العلوية؟;السلطان الشريف علي بن الحسن  هو الذي أسس الدولة العلوية;10
من هو مؤسس الدولة العلوية؟;علي بن الحسن ;10
من هو مؤسس الدولة العلوية؟;يعتبر  علي هو مؤسس الدولة العلوية;5
من هو مؤسس الدولة العلوية؟;يعتبر السلطان علي هو مؤسس الدولة العلوية;5
من هو مؤسس الدولة العلوية؟;يعتبر الشريف علي  هو مؤسس الدولة العلوية;5
من هو مؤسس الدولة العلوية؟;يعتبر الشريف السلطان علي هو مؤسس الدولة العلوية;5
من هو مؤسس الدولة العلوية؟;يعتبر السلطان الشريف علي هو مؤسس الدولة العلوية;5
من هو مؤسس الدولة العلوية؟;السلطان الشريف علي  هو مؤسس الدولة العلوية;5
من هو مؤسس الدولة العلوية؟;السلطان علي  هو مؤسس الدولة العلوية;5
من هو مؤسس الدولة العلوية؟;الشريف علي  هو مؤسس الدولة العلوية;5
من هو مؤسس الدولة العلوية؟;السلطان سيدي علي هو مؤسس الدولة العلوية;5
من هو مؤسس الدولة العلوية؟;سيدي علي  هو مؤسس الدولة العلوية;5
من هو مؤسس الدولة العلوية؟;الشريف السلطان علي هو مؤسس الدولة العلوية;5
من هو مؤسس الدولة العلوية؟;الشريف علي ;5
من هو مؤسس الدولة العلوية؟;سيدي علي  ;5
من هو مؤسس الدولة العلوية؟;السلطان علي ;5
من هو مؤسس الدولة العلوية؟;الشريف السلطان علي ;5
من هو مؤسس الدولة العلوية؟;السلطان الشريف علي;5
من هو مؤسس الدولة العلوية؟;مؤسس الدولة العلوية هو  الشريف علي ;5
من هو مؤسس الدولة العلوية؟;مؤسس الدولة العلوية هو  السلطان علي  ;5
من هو مؤسس الدولة العلوية؟;مؤسس الدولة العلوية هو  سيدي علي  ;5
من هو مؤسس الدولة العلوية؟;مؤسس الدولة العلوية هو  السلطان الشريف علي;5
من هو مؤسس الدولة العلوية؟;مؤسس الدولة العلوية هو الشريف السلطان علي  ;5
من هو مؤسس الدولة العلوية؟;مؤسس الدولة العلوية هو  السلطان  سيدي علي ;5
من هو مؤسس الدولة العلوية؟;علي هو الذي أسس الدولة العلوية;5
من هو مؤسس الدولة العلوية؟;السلطان علي هو الذي أسس الدولة العلوية;5
من هو مؤسس الدولة العلوية؟;الشريف علي هو الذي أسس الدولة العلوية;5
من هو مؤسس الدولة العلوية؟; سيدي علي هو الذي أسس الدولة العلوية;5
من هو مؤسس الدولة العلوية؟;السلطان الشريف علي هو الذي أسس الدولة العلوية;5
من هو مؤسس الدولة العلوية؟;علي;5
من هو مؤسس الدولة العلوية؟;يعتبر السلطان بن الحسن بن عبد الله  هو مؤسس الدولة العلوية;5
من هو مؤسس الدولة العلوية؟;يعتبر بن الحسن بن عبد الله والمعروف بالشريف هو مؤسس الدولة العلوية;5
من هو مؤسس الدولة العلوية؟;يعتبر  بن الحسن بن عبد الله  هو مؤسس الدولة العلوية;5
من هو مؤسس الدولة العلوية؟;يعتبر الشريف بن الحسن بن عبد الله  هو مؤسس الدولة العلوية;5
من هو مؤسس الدولة العلوية؟;يعتبر السلطان بن الحسن بن عبد الله والمعروف بالشريف هو مؤسس الدولة العلوية;5
من هو مؤسس الدولة العلوية؟;السلطان بن الحسن بن عبد الله والمعروف بالشريف هو مؤسس الدولة العلوية;5
من هو مؤسس الدولة العلوية؟;الشريف السلطان بن الحسن بن عبد الله هو مؤسس الدولة العلوية;5
من هو مؤسس الدولة العلوية؟;السلطان بن الحسن بن عبد الله هو مؤسس الدولة العلوية;5
من هو مؤسس الدولة العلوية؟;مؤسس الدولة العلوية هو السلطان بن الحسن بن عبد الله;5
من هو مؤسس الدولة العلوية؟;مؤسس الدولة العلوية هو السلطان الشريف بن الحسن بن عبد الله;5
من هو مؤسس الدولة العلوية؟;مؤسس الدولة العلوية هو  الشريف بن الحسن بن عبد الله;5
من هو مؤسس الدولة العلوية؟;بن الحسن بن عبد الله هو مؤسس الدولة العلوية;5
من هو مؤسس الدولة العلوية؟;مؤسس الدولة العلوية هو  الشريف السلطان بن الحسن بن عبد الله;5
من هو مؤسس الدولة العلوية؟;مؤسس الدولة العلوية هو بن الحسن بن عبد الله;5
من هو مؤسس الدولة العلوية؟;بن الحسن بن عبد الله هو الذي أسس الدولة العلوية;5
من هو مؤسس الدولة العلوية؟;السلطان بن الحسن بن عبد الله هو الذي أسس الدولة العلوية;5
من هو مؤسس الدولة العلوية؟;الشريف السلطان بن الحسن بن عبد الله هو الذي أسس الدولة العلوية;5
من هو مؤسس الدولة العلوية؟;الشريف السلطان بن الحسن بن عبد الله;5
من هو مؤسس الدولة العلوية؟; السلطان بن الحسن بن عبد الله;5
من هو مؤسس الدولة العلوية؟;الشريف بن الحسن بن عبد الله;5
من هو مؤسس الدولة العلوية؟;السلطان الشريف بن الحسن بن عبد الله;5
من هو مؤسس الدولة العلوية؟;السلطان بن الحسن بن عبد الله هو مؤسس الدولة العلوية;5
من هو مؤسس الدولة العلوية؟; الشريف بن الحسن بن عبد الله هو مؤسس الدولة العلوية;5
من هو مؤسس الدولة العلوية؟; الشريف السلطان بن الحسن بن عبد الله هو مؤسس الدولة العلوية;5
من هو مؤسس الدولة العلوية؟; السلطان الشريف بن الحسن بن عبد الله هو مؤسس الدولة العلوية;5
من هو مؤسس الدولة العلوية؟;يعتبر سيدي بن الحسن بن عبد الله  هو مؤسس الدولة العلوية;5
من هو مؤسس الدولة العلوية؟;السلطان سيدي بن الحسن بن عبد الله;5
من هو مؤسس الدولة العلوية؟;السلطان سيدي بن الحسن بن عبد الله هو مؤسس الدولة العلوية;5
من هو مؤسس الدولة العلوية؟;سيدي بن الحسن بن عبد الله هو مؤسس الدولة العلوية;5
من هو مؤسس الدولة العلوية؟;مؤسس الدولة العلوية هو السلطان بن عبد الله;0
من هو مؤسس الدولة العلوية؟;مؤسس الدولة العلوية هو السلطان الشريف  بن عبد الله;0
من هو مؤسس الدولة العلوية؟;مؤسس الدولة العلوية هو  الشريف بن عبد الله;0
من هو مؤسس الدولة العلوية؟;بن عبد الله هو مؤسس الدولة العلوية;0
من هو مؤسس الدولة العلوية؟;مؤسس الدولة العلوية هو  الشريف السلطان  بن عبد الله;0
من هو مؤسس الدولة العلوية؟;مؤسس الدولة العلوية هو بن عبد الله;0
من هو مؤسس الدولة العلوية؟; بن عبد الله هو الذي أسس الدولة العلوية;0
من هو مؤسس الدولة العلوية؟;السلطان بن عبد الله هو الذي أسس الدولة العلوية;0
من هو مؤسس الدولة العلوية؟;الشريف السلطان بن عبد الله هو الذي أسس الدولة العلوية;0
من هو مؤسس الدولة العلوية؟;الشريف السلطان  بن عبد الله;0
من هو مؤسس الدولة العلوية؟; السلطان  بن عبد الله;0
من هو مؤسس الدولة العلوية؟;الشريف  بن عبد الله;0
من هو مؤسس الدولة العلوية؟;السلطان الشريف بن عبد الله;0
من هو مؤسس الدولة العلوية؟;السلطان  بن عبد الله هو مؤسس الدولة العلوية;0
من هو مؤسس الدولة العلوية؟; الشريف بن عبد الله هو مؤسس الدولة العلوية;0
من هو مؤسس الدولة العلوية؟; الشريف السلطان  بن عبد الله هو مؤسس الدولة العلوية;0
من هو مؤسس الدولة العلوية؟; السلطان الشريف  بن عبد الله هو مؤسس الدولة العلوية;0
من هو مؤسس الدولة العلوية؟;يعتبر سيدي بن عبد الله  هو مؤسس الدولة العلوية;0
من هو مؤسس الدولة العلوية؟;السلطان سيدي بن عبد الله;0
من هو مؤسس الدولة العلوية؟;السلطان سيدي بن عبد الله هو مؤسس الدولة العلوية;0
من هو مؤسس الدولة العلوية؟;سيدي بن عبد الله هو مؤسس الدولة العلوية;0
من هو مؤسس الدولة العلوية؟;مؤسس الدولة العلوية هو  السلطان مولاي يوسف ;0
من هو مؤسس الدولة العلوية؟;السلطان مولاي يوسف هو مؤسس الدولة العلوية;0
من هو مؤسس الدولة العلوية؟;مؤسس الدولة العلوية هو  الشريف السلطان مولاي يوسف;0
من هو مؤسس الدولة العلوية؟;مؤسس الدولة العلوية هو مولاي يوسف;0
من هو مؤسس الدولة العلوية؟; السلطان مولاي يوسف هو الذي أسس الدولة العلوية;0
من هو مؤسس الدولة العلوية؟;الشريف السلطان مولاي يوسف هو الذي أسس الدولة العلوية;0
من هو مؤسس الدولة العلوية؟;الشريف السلطان مولاي يوسف;0
من هو مؤسس الدولة العلوية؟; السلطان مولاي يوسف;0
من هو مؤسس الدولة العلوية؟;الشريف  مولاي يوسف ;0
من هو مؤسس الدولة العلوية؟;السلطان الشريف بن عبد الله;0
من هو مؤسس الدولة العلوية؟;السلطان  مولاي يوسف هو مؤسس الدولة العلوية;0
من هو مؤسس الدولة العلوية؟; الشريف مولاي يوسف هو مؤسس الدولة العلوية;0
من هو مؤسس الدولة العلوية؟;ليس لدي فكرة ;0
من هو مؤسس الدولة العلوية؟;ليس لدي معلومة;0
من هو مؤسس الدولة العلوية؟;ليس لدي أدنى فكرة ;0
من هو مؤسس الدولة العلوية؟;لا اعرف;0
من هو مؤسس الدولة العلوية؟;لا اعلم;0
من هو مؤسس الدولة العلوية؟;يوسف;0
ما هي مدة حكم الدولة المرينية ؟; مولاي يوسف;0
